{"Proactivity": 3.473333333333333, "Accuracy": 3.1266666666666665, "Helpfulness": 3.6333333333333333, "Linguistic Quality": 4.456666666666667}