{"Proactivity": 4.04, "Accuracy": 3.7066666666666666, "Helpfulness": 4.27, "Linguistic Quality": 4.823333333333333}