{"Proactivity": 4.456666666666667, "Accuracy": 3.783333333333333, "Helpfulness": 4.36, "Linguistic Quality": 4.94}