{"Proactivity": 4.2100840336134455, "Accuracy": 3.3823529411764706, "Helpfulness": 3.6512605042016806, "Linguistic Quality": 4.760504201680672}