{"Proactivity": 4.783333333333333, "Accuracy": 4.723333333333334, "Helpfulness": 4.8566666666666665, "Linguistic Quality": 4.976666666666667}